]0;IPython: ret-mr-learning/scripts]0;IPython: ret-mr-learning/scriptsscale: 2.000 and shape: 3.000)

,,Cosine,,,,KL-Div
,pos,value,scale,shape,,pos,value,scale,shape
,0000, 0.2661122, 2.573, 5.872,,0000, inf, 2.573, 5.872
,0001, 0.3493104, 4.953, 5.942,,0001, inf, 4.953, 5.942
,0002, 0.4626458, 6.940, 7.481,,0002, inf, 6.940, 7.481
,0003, 0.5296723, 0.381, 8.045,,0003, inf, 0.381, 8.045
,0004, 0.9962805, 6.337, 0.029,,0004, inf, 6.337, 0.029
--
